Date,"Daily maximum temperatures in Melbourne, Australia, 1981-1990"
01/01/1981,38.1
02/01/1981,32.4
03/01/1981,34.5
04/01/1981,20.7
05/01/1981,21.5
06/01/1981,23.1
07/01/1981,29.7
08/01/1981,36.6
09/01/1981,36.1
10/01/1981,20.6
11/01/1981,20.4
12/01/1981,30.1
13/01/1981,38.7
14/01/1981,41.4
15/01/1981,37
16/01/1981,36
17/01/1981,37
18/01/1981,38
19/01/1981,23
20/01/1981,26.7
21/01/1981,27.5
22/01/1981,21.7
23/01/1981,22.9
24/01/1981,26.2
25/01/1981,36.5
26/01/1981,41.8
27/01/1981,21.5
28/01/1981,19.2
29/01/1981,25
30/01/1981,28.9
31/01/1981,23.2
01/02/1981,31.5
02/02/1981,36.2
03/02/1981,38.2
04/02/1981,26.4
05/02/1981,20.9
06/02/1981,21.5
07/02/1981,30.2
08/02/1981,33.4
09/02/1981,32.6
10/02/1981,22.2
11/02/1981,21.7
12/02/1981,30
13/02/1981,35.7
14/02/1981,32.8
15/02/1981,39.3
16/02/1981,25.5
17/02/1981,23
18/02/1981,19.9
19/02/1981,21.3
20/02/1981,20.8
21/02/1981,21.7
22/02/1981,23.8
23/02/1981,29
24/02/1981,23.7
25/02/1981,21.3
26/02/1981,28.5
27/02/1981,33.6
28/02/1981,34.6
01/03/1981,34.2
02/03/1981,27
03/03/1981,24.2
04/03/1981,19.9
05/03/1981,19.7
06/03/1981,21.5
07/03/1981,30.6
08/03/1981,30
09/03/1981,19
10/03/1981,19.6
11/03/1981,20.6
12/03/1981,23.6
13/03/1981,17.9
14/03/1981,17.3
15/03/1981,21.4
16/03/1981,24.1
17/03/1981,20.9
18/03/1981,30.1
19/03/1981,32.6
20/03/1981,21.3
21/03/1981,19.5
22/03/1981,19.9
23/03/1981,21
24/03/1981,25.4
25/03/1981,17.5
26/03/1981,20.4
27/03/1981,26.8
28/03/1981,25.8
29/03/1981,20.9
30/03/1981,19.4
31/03/1981,25.8
01/04/1981,26.3
02/04/1981,29.6
03/04/1981,30.3
04/04/1981,23.6
05/04/1981,28.4
06/04/1981,20.7
07/04/1981,24.1
08/04/1981,27.3
09/04/1981,23.2
10/04/1981,18.3
11/04/1981,24.6
12/04/1981,27.4
13/04/1981,20.4
14/04/1981,18.1
15/04/1981,25.2
16/04/1981,19.8
17/04/1981,21
18/04/1981,23.7
19/04/1981,19.6
20/04/1981,18.1
21/04/1981,20.8
22/04/1981,26
23/04/1981,18.4
24/04/1981,22
25/04/1981,14.4
26/04/1981,19.9
27/04/1981,22.6
28/04/1981,13.7
29/04/1981,15.9
30/04/1981,21.2
01/05/1981,23.7
02/05/1981,24
03/05/1981,17.2
04/05/1981,23.2
05/05/1981,25.2
06/05/1981,17.2
07/05/1981,16
08/05/1981,15.6
09/05/1981,13.4
10/05/1981,16
11/05/1981,16.8
12/05/1981,14.6
13/05/1981,19.4
14/05/1981,21
15/05/1981,19.5
16/05/1981,18.5
17/05/1981,13.3
18/05/1981,13.7
19/05/1981,14.3
20/05/1981,14.1
21/05/1981,11.4
22/05/1981,13.6
23/05/1981,16.6
24/05/1981,17.6
25/05/1981,14.6
26/05/1981,17.2
27/05/1981,14.4
28/05/1981,16.4
29/05/1981,17.3
30/05/1981,17.6
31/05/1981,17.2
01/06/1981,17.7
02/06/1981,14.2
03/06/1981,16.6
04/06/1981,15.7
05/06/1981,13.7
06/06/1981,14.7
07/06/1981,13.1
08/06/1981,12.9
09/06/1981,15.4
10/06/1981,11.9
11/06/1981,15.2
12/06/1981,15.3
13/06/1981,16.5
14/06/1981,16.1
15/06/1981,11.7
16/06/1981,11.2
17/06/1981,11.5
18/06/1981,10.8
19/06/1981,16.1
20/06/1981,14.8
21/06/1981,13.6
22/06/1981,13.8
23/06/1981,9.7
24/06/1981,10.7
25/06/1981,11
26/06/1981,15.3
27/06/1981,15.3
28/06/1981,17
29/06/1981,16
30/06/1981,16.3
01/07/1981,15.7
02/07/1981,14.5
03/07/1981,10.8
04/07/1981,10.5
05/07/1981,13.4
06/07/1981,12.2
07/07/1981,13.2
08/07/1981,13
09/07/1981,12.4
10/07/1981,13.1
11/07/1981,9.8
12/07/1981,10.5
13/07/1981,13.4
14/07/1981,11
15/07/1981,13.1
16/07/1981,15
17/07/1981,16.7
18/07/1981,16.1
19/07/1981,18.2
20/07/1981,15.7
21/07/1981,17.7
22/07/1981,15.9
23/07/1981,15.1
24/07/1981,15.2
25/07/1981,14.7
26/07/1981,13.3
27/07/1981,14.5
28/07/1981,11.1
29/07/1981,13.1
30/07/1981,13.7
31/07/1981,14.6
01/08/1981,12.9
02/08/1981,12.8
03/08/1981,15.2
04/08/1981,14.5
05/08/1981,17.2
06/08/1981,14.5
07/08/1981,14.4
08/08/1981,11
09/08/1981,13.1
10/08/1981,13.6
11/08/1981,14.6
12/08/1981,12.7
13/08/1981,13.6
14/08/1981,12.7
15/08/1981,15.5
16/08/1981,17.4
17/08/1981,15.2
18/08/1981,14.2
19/08/1981,17.7
20/08/1981,19.2
21/08/1981,12.5
22/08/1981,14.2
23/08/1981,15.3
24/08/1981,15.7
25/08/1981,17
26/08/1981,19
27/08/1981,13.1
28/08/1981,13.2
29/08/1981,13.2
30/08/1981,15.7
31/08/1981,14.1
01/09/1981,15.6
02/09/1981,15.5
03/09/1981,15.9
04/09/1981,15.1
05/09/1981,16
06/09/1981,19.4
07/09/1981,21.5
08/09/1981,23.7
09/09/1981,18.7
10/09/1981,23.8
11/09/1981,18
12/09/1981,16.2
13/09/1981,18.5
14/09/1981,20.6
15/09/1981,18.3
16/09/1981,22.5
17/09/1981,26.9
18/09/1981,19.4
19/09/1981,15.9
20/09/1981,20.5
21/09/1981,21.2
22/09/1981,19.5
23/09/1981,14.7
24/09/1981,17.6
25/09/1981,15.8
26/09/1981,17.7
27/09/1981,14.3
28/09/1981,16.8
29/09/1981,18.6
30/09/1981,21.9
01/10/1981,21.4
02/10/1981,20.8
03/10/1981,14
04/10/1981,17
05/10/1981,23
06/10/1981,26.4
07/10/1981,19.6
08/10/1981,22.7
09/10/1981,26.9
10/10/1981,14.7
11/10/1981,15.2
12/10/1981,19.8
13/10/1981,26.9
14/10/1981,20.2
15/10/1981,14.3
16/10/1981,14.8
17/10/1981,18.5
18/10/1981,21.7
19/10/1981,21.4
20/10/1981,21.8
21/10/1981,18.2
22/10/1981,15.8
23/10/1981,15.3
24/10/1981,18.5
25/10/1981,19.2
26/10/1981,28.5
27/10/1981,32.2
28/10/1981,21.8
29/10/1981,22.1
30/10/1981,20.7
31/10/1981,17
01/11/1981,24.7
02/11/1981,26.2
03/11/1981,29
04/11/1981,21.6
05/11/1981,17.1
06/11/1981,16.9
07/11/1981,19.1
08/11/1981,24.7
09/11/1981,25.4
10/11/1981,19.8
11/11/1981,18.2
12/11/1981,16.3
13/11/1981,17
14/11/1981,17.7
15/11/1981,15.5
16/11/1981,14.7
17/11/1981,15.8
18/11/1981,19.9
19/11/1981,20.4
20/11/1981,23.3
21/11/1981,20.2
22/11/1981,28.8
23/11/1981,31.2
24/11/1981,17.4
25/11/1981,18.5
26/11/1981,26.8
27/11/1981,34.3
28/11/1981,30.1
29/11/1981,20.5
30/11/1981,20.5
01/12/1981,19.8
02/12/1981,27
03/12/1981,21
04/12/1981,33
05/12/1981,22.6
06/12/1981,28.3
07/12/1981,21.1
08/12/1981,19
09/12/1981,17.3
10/12/1981,27
11/12/1981,30.2
12/12/1981,24.8
13/12/1981,17.9
14/12/1981,17.9
15/12/1981,20.7
16/12/1981,30.9
17/12/1981,36.2
18/12/1981,21
19/12/1981,20.2
20/12/1981,21.3
21/12/1981,24.2
22/12/1981,21
23/12/1981,20.7
24/12/1981,17.8
25/12/1981,19.6
26/12/1981,22.6
27/12/1981,20.5
28/12/1981,24.1
29/12/1981,22.2
30/12/1981,27
31/12/1981,33.6
01/01/1982,26.6
02/01/1982,20.6
03/01/1982,24.5
04/01/1982,19.8
05/01/1982,22.6
06/01/1982,29.2
07/01/1982,20.3
08/01/1982,23
09/01/1982,24.4
10/01/1982,38
11/01/1982,40.5
12/01/1982,24.2
13/01/1982,20.2
14/01/1982,21.8
15/01/1982,27
16/01/1982,35.2
17/01/1982,25.2
18/01/1982,32.7
19/01/1982,35.9
20/01/1982,38.9
21/01/1982,26.5
22/01/1982,21.8
23/01/1982,37.9
24/01/1982,43.3
25/01/1982,19
26/01/1982,19.7
27/01/1982,21.4
28/01/1982,32
29/01/1982,33.3
30/01/1982,22.2
31/01/1982,21.3
01/02/1982,20.8
02/02/1982,22.3
03/02/1982,22.5
04/02/1982,21.4
05/02/1982,23
06/02/1982,35.1
07/02/1982,40.3
08/02/1982,39
09/02/1982,21.1
10/02/1982,25.4
11/02/1982,23.6
12/02/1982,28.1
13/02/1982,37
14/02/1982,39.3
15/02/1982,39.4
16/02/1982,25.8
17/02/1982,27.7
18/02/1982,23
19/02/1982,24
20/02/1982,26.1
21/02/1982,21.8
22/02/1982,24.2
23/02/1982,22.3
24/02/1982,19.7
25/02/1982,20.8
26/02/1982,17.9
27/02/1982,20.1
28/02/1982,20.9
01/03/1982,21.2
02/03/1982,20.4
03/03/1982,29
04/03/1982,34.7
05/03/1982,34
06/03/1982,30.9
07/03/1982,29.6
08/03/1982,26.1
09/03/1982,18.5
10/03/1982,21.2
11/03/1982,22.4
12/03/1982,21.4
13/03/1982,30.5
14/03/1982,32
15/03/1982,32.7
16/03/1982,27.4
17/03/1982,18.9
18/03/1982,19.4
19/03/1982,22.2
20/03/1982,30.2
21/03/1982,31.8
22/03/1982,31.4
23/03/1982,18.5
24/03/1982,22.2
25/03/1982,27.5
26/03/1982,25.8
27/03/1982,25.2
28/03/1982,19.1
29/03/1982,19.6
30/03/1982,21.4
31/03/1982,20.7
01/04/1982,28.3
02/04/1982,23
03/04/1982,16.5
04/04/1982,18.8
05/04/1982,20
06/04/1982,20.6
07/04/1982,19.8
08/04/1982,20.3
09/04/1982,26.6
10/04/1982,21.5
11/04/1982,22.3
12/04/1982,26.5
13/04/1982,27.1
14/04/1982,30
15/04/1982,28.2
16/04/1982,17.3
17/04/1982,16.8
18/04/1982,17.5
19/04/1982,19.2
20/04/1982,20.3
21/04/1982,20.6
22/04/1982,23.7
23/04/1982,24.3
24/04/1982,26.4
25/04/1982,16
26/04/1982,14.5
27/04/1982,14.2
28/04/1982,16.5
29/04/1982,15.7
30/04/1982,16
01/05/1982,16.7
02/05/1982,19.8
03/05/1982,22.5
04/05/1982,22.9
05/05/1982,18.8
06/05/1982,15.7
07/05/1982,14.7
08/05/1982,15.3
09/05/1982,15.3
10/05/1982,18
11/05/1982,15.1
12/05/1982,15.1
13/05/1982,13.6
14/05/1982,15.3
15/05/1982,18
16/05/1982,18.6
17/05/1982,22
18/05/1982,22.1
19/05/1982,17.8
20/05/1982,15.2
21/05/1982,11.3
22/05/1982,13.5
23/05/1982,16.1
24/05/1982,16
25/05/1982,16.5
26/05/1982,16.7
27/05/1982,19.6
28/05/1982,19.5
29/05/1982,18
30/05/1982,18.4
31/05/1982,12.9
01/06/1982,14.9
02/06/1982,12.4
03/06/1982,11.9
04/06/1982,11.7
05/06/1982,12.9
06/06/1982,12.9
07/06/1982,12.4
08/06/1982,12.5
09/06/1982,15.7
10/06/1982,15.9
11/06/1982,14.3
12/06/1982,16.9
13/06/1982,14
14/06/1982,13.6
15/06/1982,13.7
16/06/1982,16
17/06/1982,13.1
18/06/1982,13.8
19/06/1982,13.4
20/06/1982,11.3
21/06/1982,10.6
22/06/1982,13.9
23/06/1982,12.7
24/06/1982,12.5
25/06/1982,11.3
26/06/1982,11.6
27/06/1982,14
28/06/1982,13.7
29/06/1982,15.2
30/06/1982,14
01/07/1982,11.4
02/07/1982,14.2
03/07/1982,15.2
04/07/1982,12.6
05/07/1982,10.2
06/07/1982,13.9
07/07/1982,13.7
08/07/1982,13.6
09/07/1982,13.2
10/07/1982,15.4
11/07/1982,12.9
12/07/1982,11.9
13/07/1982,13.3
14/07/1982,13.3
15/07/1982,10.5
16/07/1982,10
17/07/1982,11
18/07/1982,8.3
19/07/1982,10.7
20/07/1982,11.2
21/07/1982,11.7
22/07/1982,14.2
23/07/1982,14.5
24/07/1982,16
25/07/1982,16.7
26/07/1982,14.4
27/07/1982,17
28/07/1982,14.6
29/07/1982,11.6
30/07/1982,12.8
31/07/1982,14
01/08/1982,17.1
02/08/1982,15.4
03/08/1982,15.5
04/08/1982,15.1
05/08/1982,16.9
06/08/1982,14.2
07/08/1982,15.9
08/08/1982,18.2
09/08/1982,19.5
10/08/1982,19.5
11/08/1982,19.8
12/08/1982,15.6
13/08/1982,14.1
14/08/1982,17
15/08/1982,14.3
16/08/1982,13.1
17/08/1982,13.7
18/08/1982,18.2
19/08/1982,19.8
20/08/1982,22.3
21/08/1982,17.8
22/08/1982,15
23/08/1982,22.6
24/08/1982,23.7
25/08/1982,15.8
26/08/1982,15
27/08/1982,23.5
28/08/1982,25.7
29/08/1982,26.5
30/08/1982,15.1
31/08/1982,13.9
01/09/1982,20.5
02/09/1982,21.4
03/09/1982,14.9
04/09/1982,15
05/09/1982,18.9
06/09/1982,11.7
07/09/1982,15.5
08/09/1982,17.7
09/09/1982,11
10/09/1982,14.9
11/09/1982,13.1
12/09/1982,13.7
13/09/1982,15.4
14/09/1982,15.6
15/09/1982,23.9
16/09/1982,23.7
17/09/1982,24.3
18/09/1982,15.9
19/09/1982,13.5
20/09/1982,15.3
21/09/1982,19.3
22/09/1982,20.5
23/09/1982,22.5
24/09/1982,23.2
25/09/1982,16.3
26/09/1982,14.8
27/09/1982,13.7
28/09/1982,18.4
29/09/1982,12.3
30/09/1982,13.3
01/10/1982,16.2
02/10/1982,25.6
03/10/1982,24.1
04/10/1982,13.8
05/10/1982,15.9
06/10/1982,21.2
07/10/1982,21.7
08/10/1982,15.6
09/10/1982,13.5
10/10/1982,15
11/10/1982,21.2
12/10/1982,25.4
13/10/1982,19
14/10/1982,15
15/10/1982,16.4
16/10/1982,15.6
17/10/1982,13.7
18/10/1982,22
19/10/1982,17.4
20/10/1982,15.1
21/10/1982,14.6
22/10/1982,16.9
23/10/1982,15.9
24/10/1982,21.3
25/10/1982,29.7
26/10/1982,33
27/10/1982,22.7
28/10/1982,21.6
29/10/1982,30.3
30/10/1982,19
31/10/1982,14.6
01/11/1982,15.9
02/11/1982,20.4
03/11/1982,29.3
04/11/1982,33.7
05/11/1982,35.2
06/11/1982,38.1
07/11/1982,24.5
08/11/1982,26.3
09/11/1982,25
10/11/1982,17.9
11/11/1982,18.1
12/11/1982,23.3
13/11/1982,31.2
14/11/1982,32.8
15/11/1982,28
16/11/1982,19.7
17/11/1982,22.1
18/11/1982,16.3
19/11/1982,20.1
20/11/1982,21.7
21/11/1982,19.6
22/11/1982,30.8
23/11/1982,36.8
24/11/1982,38.1
25/11/1982,17.6
26/11/1982,21.2
27/11/1982,17.2
28/11/1982,20.7
29/11/1982,26.1
30/11/1982,34.5
01/12/1982,18.6
02/12/1982,20.1
03/12/1982,22.4
04/12/1982,19.1
05/12/1982,19.2
06/12/1982,28
07/12/1982,17.9
08/12/1982,18.1
09/12/1982,16
10/12/1982,18.5
11/12/1982,20.6
12/12/1982,33
13/12/1982,35.2
14/12/1982,24
15/12/1982,26
16/12/1982,28
17/12/1982,23
18/12/1982,19
19/12/1982,19.1
20/12/1982,18
21/12/1982,19.4
22/12/1982,32.5
23/12/1982,32.6
24/12/1982,18.1
25/12/1982,19.7
26/12/1982,28
27/12/1982,28
28/12/1982,23.8
29/12/1982,31.4
30/12/1982,22
31/12/1982,35.8
01/01/1983,23
02/01/1983,18.9
03/01/1983,25.4
04/01/1983,28
05/01/1983,19.2
06/01/1983,21.5
07/01/1983,28.8
08/01/1983,37.3
09/01/1983,24.6
10/01/1983,21.3
11/01/1983,17.9
12/01/1983,17.5
13/01/1983,18.7
14/01/1983,18.1
15/01/1983,19.7
16/01/1983,22.1
17/01/1983,19.6
18/01/1983,18
19/01/1983,19.9
20/01/1983,28.5
21/01/1983,23
22/01/1983,37
23/01/1983,19
24/01/1983,19.4
25/01/1983,35
26/01/1983,27.7
27/01/1983,23.9
28/01/1983,25.6
29/01/1983,27.7
30/01/1983,24.3
31/01/1983,38.6
01/02/1983,41.2
02/02/1983,22
03/02/1983,22.5
04/02/1983,22.3
05/02/1983,25.5
06/02/1983,36.6
07/02/1983,35.7
08/02/1983,43.2
09/02/1983,28
10/02/1983,25.5
11/02/1983,21.6
12/02/1983,21.8
13/02/1983,23.3
14/02/1983,34.3
15/02/1983,31.2
16/02/1983,43
17/02/1983,20.2
18/02/1983,20.3
19/02/1983,22.2
20/02/1983,24
21/02/1983,34.4
22/02/1983,32.9
23/02/1983,21.6
24/02/1983,26.5
25/02/1983,33.2
26/02/1983,38.6
27/02/1983,24.4
28/02/1983,28.3
01/03/1983,35.2
02/03/1983,28.7
03/03/1983,35.6
04/03/1983,37.2
05/03/1983,25.5
06/03/1983,31.5
07/03/1983,30.2
08/03/1983,29
09/03/1983,21.4
10/03/1983,28.5
11/03/1983,32.1
12/03/1983,23.5
13/03/1983,20
14/03/1983,21
15/03/1983,20
16/03/1983,21.8
17/03/1983,24.3
18/03/1983,30.9
19/03/1983,21.6
20/03/1983,22.2
21/03/1983,20.2
22/03/1983,20.5
23/03/1983,17.6
24/03/1983,18.6
25/03/1983,17.7
26/03/1983,18
27/03/1983,18.6
28/03/1983,18.6
29/03/1983,25.9
30/03/1983,19.8
31/03/1983,18.7
01/04/1983,17.9
02/04/1983,17.3
03/04/1983,18.1
04/04/1983,14.6
05/04/1983,14.1
06/04/1983,15.7
07/04/1983,16
08/04/1983,21.6
09/04/1983,21.4
10/04/1983,23.8
11/04/1983,21.7
12/04/1983,16.6
13/04/1983,16.7
14/04/1983,18.1
15/04/1983,14.5
16/04/1983,14.7
17/04/1983,16.4
18/04/1983,16.5
19/04/1983,22.7
20/04/1983,23.8
21/04/1983,24.6
22/04/1983,23.6
23/04/1983,19.8
24/04/1983,19.8
25/04/1983,18
26/04/1983,17.6
27/04/1983,19
28/04/1983,17.5
29/04/1983,17
30/04/1983,19.9
01/05/1983,18.5
02/05/1983,18.7
03/05/1983,17.8
04/05/1983,17
05/05/1983,17.6
06/05/1983,18.7
07/05/1983,17
08/05/1983,18.8
09/05/1983,17.5
10/05/1983,19.5
11/05/1983,16.6
12/05/1983,19.1
13/05/1983,21.2
14/05/1983,20.2
15/05/1983,17.9
16/05/1983,14.3
17/05/1983,16
18/05/1983,17.7
19/05/1983,18.6
20/05/1983,19.1
21/05/1983,13.7
22/05/1983,17.5
23/05/1983,16.1
24/05/1983,15.2
25/05/1983,17.3
26/05/1983,14.9
27/05/1983,18.4
28/05/1983,17.2
29/05/1983,12.2
30/05/1983,13.9
31/05/1983,14
01/06/1983,15.3
02/06/1983,15
03/06/1983,15.1
04/06/1983,16.6
05/06/1983,16.5
06/06/1983,16.1
07/06/1983,13.5
08/06/1983,13
09/06/1983,13.6
10/06/1983,11.8
11/06/1983,14.5
12/06/1983,14
13/06/1983,14.1
14/06/1983,13.5
15/06/1983,12.1
16/06/1983,11.9
17/06/1983,11.9
18/06/1983,14.2
19/06/1983,14
20/06/1983,17.9
21/06/1983,19.1
22/06/1983,15.1
23/06/1983,13.8
24/06/1983,13.7
25/06/1983,10
26/06/1983,10.3
27/06/1983,10.4
28/06/1983,12
29/06/1983,8.5
30/06/1983,14.4
01/07/1983,13.1
02/07/1983,14
03/07/1983,11.8
04/07/1983,13.9
05/07/1983,12.9
06/07/1983,11
07/07/1983,11.8
08/07/1983,10.7
09/07/1983,11.2
10/07/1983,10.3
11/07/1983,12.2
12/07/1983,12.4
13/07/1983,14.7
14/07/1983,15.1
15/07/1983,15
16/07/1983,14
17/07/1983,15.2
18/07/1983,14.2
19/07/1983,8.7
20/07/1983,11
21/07/1983,14.2
22/07/1983,15.2
23/07/1983,12.2
24/07/1983,13
25/07/1983,14.7
26/07/1983,17.2
27/07/1983,13.7
28/07/1983,14.8
29/07/1983,13.8
30/07/1983,13.7
31/07/1983,13.1
01/08/1983,12.7
02/08/1983,12.3
03/08/1983,12.4
04/08/1983,13
05/08/1983,13.5
06/08/1983,13.5
07/08/1983,14.7
08/08/1983,13.4
09/08/1983,15.9
10/08/1983,16
11/08/1983,15.3
12/08/1983,15.5
13/08/1983,18.2
14/08/1983,18.6
15/08/1983,18.5
16/08/1983,19.2
17/08/1983,14.2
18/08/1983,12.8
19/08/1983,13.1
20/08/1983,15.4
21/08/1983,17.3
22/08/1983,14.5
23/08/1983,19.5
24/08/1983,20.2
25/08/1983,16.3
26/08/1983,13
27/08/1983,13.3
28/08/1983,13.3
29/08/1983,19
30/08/1983,16.8
31/08/1983,19.2
01/09/1983,18.5
02/09/1983,19
03/09/1983,17.4
04/09/1983,15.3
05/09/1983,15.8
06/09/1983,18.7
07/09/1983,17.8
08/09/1983,16.5
09/09/1983,15.3
10/09/1983,13.2
11/09/1983,12
12/09/1983,14
13/09/1983,9.5
14/09/1983,13
15/09/1983,17.6
16/09/1983,19.6
17/09/1983,17.2
18/09/1983,17.3
19/09/1983,17
20/09/1983,16.3
21/09/1983,17.3
22/09/1983,20.3
23/09/1983,16.9
24/09/1983,13.5
25/09/1983,13.3
26/09/1983,20.7
27/09/1983,19.8
28/09/1983,20.8
29/09/1983,19.8
30/09/1983,19.5
01/10/1983,23.4
02/10/1983,14.2
03/10/1983,14.2
04/10/1983,16.6
05/10/1983,17
06/10/1983,15.6
07/10/1983,14.8
08/10/1983,17.2
09/10/1983,20.2
10/10/1983,16.7
11/10/1983,18.2
12/10/1983,18.1
13/10/1983,22.5
14/10/1983,23.4
15/10/1983,15.3
16/10/1983,13.7
17/10/1983,15.6
18/10/1983,18.9
19/10/1983,15.1
20/10/1983,16.6
21/10/1983,17.7
22/10/1983,23
23/10/1983,16.8
24/10/1983,21.3
25/10/1983,17.9
26/10/1983,23.6
27/10/1983,25.3
28/10/1983,14.5
29/10/1983,16.9
30/10/1983,16.3
31/10/1983,17.7
01/11/1983,18
02/11/1983,21.7
03/11/1983,22.3
04/11/1983,15.5
05/11/1983,16.7
06/11/1983,24.3
07/11/1983,23.5
08/11/1983,27.7
09/11/1983,18
10/11/1983,15.6
11/11/1983,19
12/11/1983,19.5
13/11/1983,20.1
14/11/1983,31.3
15/11/1983,15.6
16/11/1983,12.8
17/11/1983,13.8
18/11/1983,15.8
19/11/1983,16.4
20/11/1983,17.6
21/11/1983,28.2
22/11/1983,25.5
23/11/1983,22.7
24/11/1983,28
25/11/1983,17
26/11/1983,22.6
27/11/1983,24.5
28/11/1983,25.6
29/11/1983,27.5
30/11/1983,18.5
01/12/1983,18.2
02/12/1983,18.8
03/12/1983,17.8
04/12/1983,18.9
05/12/1983,24
06/12/1983,20.9
07/12/1983,16.8
08/12/1983,18.5
09/12/1983,20.6
10/12/1983,24.9
11/12/1983,28.1
12/12/1983,25.7
13/12/1983,19.2
14/12/1983,32.7
15/12/1983,21.3
16/12/1983,20.4
17/12/1983,20.5
18/12/1983,22.8
19/12/1983,35.3
20/12/1983,38.7
21/12/1983,21.4
22/12/1983,23.3
23/12/1983,22
24/12/1983,31.7
25/12/1983,23.4
26/12/1983,19.1
27/12/1983,19.5
28/12/1983,30
29/12/1983,32.4
30/12/1983,33.6
31/12/1983,30
01/01/1984,27.7
02/01/1984,28.1
03/01/1984,23.7
04/01/1984,20.6
05/01/1984,32.3
06/01/1984,31.2
07/01/1984,21.5
08/01/1984,23
09/01/1984,21.9
10/01/1984,23
11/01/1984,21.6
12/01/1984,27.2
13/01/1984,29.2
14/01/1984,32
15/01/1984,22.5
16/01/1984,23.9
17/01/1984,19.7
18/01/1984,19.5
19/01/1984,22
20/01/1984,22.1
21/01/1984,19.7
22/01/1984,19.4
23/01/1984,30.5
24/01/1984,28.5
25/01/1984,20.2
26/01/1984,19
27/01/1984,20.2
28/01/1984,22.6
29/01/1984,28.4
30/01/1984,18.6
31/01/1984,20.3
01/02/1984,19
02/02/1984,26.2
03/02/1984,30
04/02/1984,24.2
05/02/1984,23.4
06/02/1984,34.7
07/02/1984,20.4
08/02/1984,20.7
09/02/1984,20
10/02/1984,19.5
11/02/1984,31.6
12/02/1984,33.7
13/02/1984,23.5
14/02/1984,24.6
15/02/1984,33.9
16/02/1984,22.4
17/02/1984,24.3
18/02/1984,29.5
19/02/1984,31.7
20/02/1984,32.9
21/02/1984,20.5
22/02/1984,28.5
23/02/1984,27.3
24/02/1984,19.5
25/02/1984,21.4
26/02/1984,33.2
27/02/1984,35
28/02/1984,18.1
29/02/1984,17.2
01/03/1984,18.1
02/03/1984,19.5
03/03/1984,21.5
04/03/1984,29.2
05/03/1984,33.8
06/03/1984,20.8
07/03/1984,17.5
08/03/1984,21
09/03/1984,27.4
10/03/1984,21.2
11/03/1984,27.1
12/03/1984,22.8
13/03/1984,18.7
14/03/1984,19
15/03/1984,19.7
16/03/1984,28.7
17/03/1984,25.5
18/03/1984,18.4
19/03/1984,18.5
20/03/1984,23.6
21/03/1984,26.9
22/03/1984,28
23/03/1984,24.7
24/03/1984,21.5
25/03/1984,17.5
26/03/1984,16.1
27/03/1984,18.7
28/03/1984,24.5
29/03/1984,27.6
30/03/1984,17.4
31/03/1984,18.2
01/04/1984,19.7
02/04/1984,18.5
03/04/1984,17.7
04/04/1984,20.7
05/04/1984,21.2
06/04/1984,17.2
07/04/1984,21.5
08/04/1984,22
09/04/1984,23.2
10/04/1984,25.4
11/04/1984,24.6
12/04/1984,24.8
13/04/1984,25
14/04/1984,25
15/04/1984,18.2
16/04/1984,21.5
17/04/1984,16.2
18/04/1984,17.3
19/04/1984,15.5
20/04/1984,16.4
21/04/1984,19.6
22/04/1984,18.5
23/04/1984,16.5
24/04/1984,16
25/04/1984,17.7
26/04/1984,19.2
27/04/1984,16.8
28/04/1984,16.5
29/04/1984,22.5
30/04/1984,22.7
01/05/1984,23.5
02/05/1984,19
03/05/1984,15.5
04/05/1984,13.5
05/05/1984,14
06/05/1984,14.7
07/05/1984,15.6
08/05/1984,17
09/05/1984,18
10/05/1984,19.6
11/05/1984,17.1
12/05/1984,16.7
13/05/1984,16.9
14/05/1984,18.2
15/05/1984,19.4
16/05/1984,22
17/05/1984,21.7
18/05/1984,22
19/05/1984,22.2
20/05/1984,20
21/05/1984,16.5
22/05/1984,15.6
23/05/1984,15
24/05/1984,16.6
25/05/1984,18.7
26/05/1984,18.7
27/05/1984,18.1
28/05/1984,15.6
29/05/1984,20.1
30/05/1984,20.3
31/05/1984,15.2
01/06/1984,17.1
02/06/1984,16.3
03/06/1984,18.3
04/06/1984,18.3
05/06/1984,19
06/06/1984,20
07/06/1984,15.7
08/06/1984,14.9
09/06/1984,13.1
10/06/1984,13.6
11/06/1984,13.8
12/06/1984,15
13/06/1984,16.9
14/06/1984,18.3
15/06/1984,16.4
16/06/1984,14
17/06/1984,12.5
18/06/1984,12.8
19/06/1984,12.2
20/06/1984,14.2
21/06/1984,14.2
22/06/1984,15.5
23/06/1984,15.1
24/06/1984,14.4
25/06/1984,12.9
26/06/1984,10.8
27/06/1984,11.7
28/06/1984,13.3
29/06/1984,12.4
30/06/1984,13.4
01/07/1984,10.6
02/07/1984,7
03/07/1984,12.6
04/07/1984,13.2
05/07/1984,12.1
06/07/1984,10.3
07/07/1984,15.7
08/07/1984,11.7
09/07/1984,15.1
10/07/1984,15.8
11/07/1984,15
12/07/1984,11.6
13/07/1984,11.4
14/07/1984,10
15/07/1984,14.7
16/07/1984,13.6
17/07/1984,13.2
18/07/1984,11
19/07/1984,13
20/07/1984,12
21/07/1984,10.6
22/07/1984,13.3
23/07/1984,14.5
24/07/1984,13.5
25/07/1984,15.9
26/07/1984,12.8
27/07/1984,11.7
28/07/1984,13
29/07/1984,14
30/07/1984,16
31/07/1984,17
01/08/1984,16.3
02/08/1984,17.6
03/08/1984,19.5
04/08/1984,14
05/08/1984,17.5
06/08/1984,19.2
07/08/1984,18.5
08/08/1984,15.1
09/08/1984,15.4
10/08/1984,13.3
11/08/1984,13.1
12/08/1984,12.8
13/08/1984,12
14/08/1984,13.3
15/08/1984,12.9
16/08/1984,15.4
17/08/1984,13.4
18/08/1984,15.1
19/08/1984,14.7
20/08/1984,14.9
21/08/1984,16.8
22/08/1984,15.8
23/08/1984,17
24/08/1984,14.1
25/08/1984,16.5
26/08/1984,12.4
27/08/1984,12.7
28/08/1984,14.6
29/08/1984,17.6
30/08/1984,19.6
31/08/1984,17.3
01/09/1984,17.9
02/09/1984,17.8
03/09/1984,13
04/09/1984,13.2
05/09/1984,17.1
06/09/1984,19.6
07/09/1984,16.3
08/09/1984,16.9
09/09/1984,22.2
10/09/1984,12
11/09/1984,14.2
12/09/1984,16.8
13/09/1984,16.9
14/09/1984,22
15/09/1984,16.4
16/09/1984,14.2
17/09/1984,11.8
18/09/1984,15.2
19/09/1984,12.6
20/09/1984,13.2
21/09/1984,14.4
22/09/1984,15
23/09/1984,16.5
24/09/1984,13.3
25/09/1984,14.5
26/09/1984,16.7
27/09/1984,13.8
28/09/1984,12.4
29/09/1984,13.7
30/09/1984,19.9
01/10/1984,24
02/10/1984,18.7
03/10/1984,18.9
04/10/1984,20.2
05/10/1984,19.9
06/10/1984,24
07/10/1984,27.3
08/10/1984,24.2
09/10/1984,18
10/10/1984,21.3
11/10/1984,26.6
12/10/1984,18.5
13/10/1984,18.2
14/10/1984,21
15/10/1984,12
16/10/1984,12.2
17/10/1984,14.1
18/10/1984,16.5
19/10/1984,15.5
20/10/1984,15
21/10/1984,20.8
22/10/1984,27.3
23/10/1984,28.4
24/10/1984,18.9
25/10/1984,18.2
26/10/1984,25.5
27/10/1984,15.9
28/10/1984,15.5
29/10/1984,21.4
30/10/1984,23.2
31/10/1984,26.8
01/11/1984,23.9
02/11/1984,19.1
03/11/1984,15.2
04/11/1984,14.9
05/11/1984,21.3
06/11/1984,25.4
07/11/1984,28.7
08/11/1984,32.3
09/11/1984,25.7
10/11/1984,19
11/11/1984,19.4
12/11/1984,15
13/11/1984,16.5
14/11/1984,16.3
15/11/1984,28.9
16/11/1984,27.4
17/11/1984,32.9
18/11/1984,27
19/11/1984,23.7
20/11/1984,22.8
21/11/1984,16.5
22/11/1984,14
23/11/1984,18
24/11/1984,28.2
25/11/1984,32.8
26/11/1984,28
27/11/1984,22.2
28/11/1984,21.8
29/11/1984,18.7
30/11/1984,25.5
01/12/1984,27.6
02/12/1984,16.5
03/12/1984,15.9
04/12/1984,16.8
05/12/1984,17.9
06/12/1984,23.1
07/12/1984,22.8
08/12/1984,24.2
09/12/1984,27.7
10/12/1984,21.3
11/12/1984,23.5
12/12/1984,17.9
13/12/1984,24.2
14/12/1984,20
15/12/1984,23.7
16/12/1984,27
17/12/1984,24.6
18/12/1984,25
19/12/1984,20
20/12/1984,22.7
21/12/1984,22.6
22/12/1984,29.2
23/12/1984,27.8
24/12/1984,26.5
25/12/1984,18.9
26/12/1984,23.2
27/12/1984,24.2
28/12/1984,28.1
29/12/1984,30.3
30/12/1984,25.6
01/01/1985,20.7
02/01/1985,19.6
03/01/1985,21.7
04/01/1985,28
05/01/1985,21.3
06/01/1985,21.4
07/01/1985,21.4
08/01/1985,22.6
09/01/1985,21.7
10/01/1985,21.8
11/01/1985,19.8
12/01/1985,30.4
13/01/1985,36
14/01/1985,42.2
15/01/1985,21.1
16/01/1985,20
17/01/1985,18.4
18/01/1985,19.1
19/01/1985,19.3
20/01/1985,18.8
21/01/1985,22.8
22/01/1985,20
23/01/1985,21.9
24/01/1985,20.1
25/01/1985,23.2
26/01/1985,34.5
27/01/1985,22.1
28/01/1985,21.6
29/01/1985,30
30/01/1985,34
31/01/1985,22.2
01/02/1985,19.6
02/02/1985,25.4
03/02/1985,37.1
04/02/1985,30.2
05/02/1985,29.1
06/02/1985,21.1
07/02/1985,19.1
08/02/1985,22.2
09/02/1985,24.4
10/02/1985,20.3
11/02/1985,28
12/02/1985,32.2
13/02/1985,23.4
14/02/1985,21.4
15/02/1985,33.5
16/02/1985,18.6
17/02/1985,19.2
18/02/1985,21.1
19/02/1985,29.5
20/02/1985,25.7
21/02/1985,32.4
22/02/1985,28.5
23/02/1985,20.6
24/02/1985,25.2
25/02/1985,20.8
26/02/1985,17.5
27/02/1985,20.1
28/02/1985,22.4
01/03/1985,24
02/03/1985,21
03/03/1985,26.8
04/03/1985,17.7
05/03/1985,19.2
06/03/1985,19.1
07/03/1985,26.4
08/03/1985,29.7
09/03/1985,30.2
10/03/1985,33
11/03/1985,33.3
12/03/1985,33
13/03/1985,36.1
14/03/1985,34
15/03/1985,34.7
16/03/1985,20.4
17/03/1985,19.4
18/03/1985,21.3
19/03/1985,26.8
20/03/1985,28.5
21/03/1985,25.6
22/03/1985,28.6
23/03/1985,32.5
24/03/1985,18.7
25/03/1985,23.2
26/03/1985,23.7
27/03/1985,27.2
28/03/1985,23.5
29/03/1985,19
30/03/1985,22.6
31/03/1985,30.1
01/04/1985,23.3
02/04/1985,19.7
03/04/1985,22.3
04/04/1985,21.6
05/04/1985,23.5
06/04/1985,22.6
07/04/1985,24
08/04/1985,22.9
09/04/1985,22.4
10/04/1985,28.8
11/04/1985,30
12/04/1985,32.4
13/04/1985,33.8
14/04/1985,26.8
15/04/1985,18.6
16/04/1985,17
17/04/1985,15.3
18/04/1985,15.3
19/04/1985,16.8
20/04/1985,16
21/04/1985,16.6
22/04/1985,17.2
23/04/1985,21.5
24/04/1985,19.7
25/04/1985,19.8
26/04/1985,21.2
27/04/1985,23.7
28/04/1985,23.9
29/04/1985,25.6
30/04/1985,24.7
01/05/1985,20.2
02/05/1985,23.5
03/05/1985,22.2
04/05/1985,24.5
05/05/1985,25.5
06/05/1985,18.8
07/05/1985,18
08/05/1985,14.9
09/05/1985,18.3
10/05/1985,19.2
11/05/1985,18.9
12/05/1985,19.2
13/05/1985,21.5
14/05/1985,18
15/05/1985,13.1
16/05/1985,14.9
17/05/1985,15.2
18/05/1985,13.5
19/05/1985,15.2
20/05/1985,14.2
21/05/1985,14.6
22/05/1985,16
23/05/1985,15.1
24/05/1985,15.6
25/05/1985,17.5
26/05/1985,18.8
27/05/1985,20.4
28/05/1985,20.3
29/05/1985,19.1
30/05/1985,14.9
31/05/1985,14.6
01/06/1985,13.7
02/06/1985,13
03/06/1985,13.4
04/06/1985,12.7
05/06/1985,14.2
06/06/1985,13.7
07/06/1985,12.7
08/06/1985,14.1
09/06/1985,12.8
10/06/1985,17.1
11/06/1985,14
12/06/1985,14.5
13/06/1985,15.7
14/06/1985,14.1
15/06/1985,13.7
16/06/1985,13.3
17/06/1985,13.4
18/06/1985,11.9
19/06/1985,13.6
20/06/1985,13.3
21/06/1985,12.2
22/06/1985,10.8
23/06/1985,13
24/06/1985,14.1
25/06/1985,14.4
26/06/1985,13.3
27/06/1985,15.7
28/06/1985,15.6
29/06/1985,19.3
30/06/1985,16.3
01/07/1985,19.4
02/07/1985,17.7
03/07/1985,16.9
04/07/1985,14.4
05/07/1985,14.3
06/07/1985,13
07/07/1985,12.3
08/07/1985,12.8
09/07/1985,12.7
10/07/1985,10.8
11/07/1985,14.6
12/07/1985,13.3
13/07/1985,12.7
14/07/1985,12.9
15/07/1985,15.7
16/07/1985,11.4
17/07/1985,12
18/07/1985,12.2
19/07/1985,11.8
20/07/1985,13.1
21/07/1985,15.5
22/07/1985,11.3
23/07/1985,12
24/07/1985,12.8
25/07/1985,11.6
26/07/1985,12.4
27/07/1985,12.6
28/07/1985,17.4
29/07/1985,13.4
30/07/1985,11.3
31/07/1985,12.1
01/08/1985,12.7
02/08/1985,12.5
03/08/1985,13.2
04/08/1985,17.1
05/08/1985,15.9
06/08/1985,15
07/08/1985,13.2
08/08/1985,12.6
09/08/1985,11.8
10/08/1985,12
11/08/1985,14
12/08/1985,13.7
13/08/1985,16.1
14/08/1985,19.8
15/08/1985,15.7
16/08/1985,13.2
17/08/1985,13.6
18/08/1985,13.5
19/08/1985,11.7
20/08/1985,11.4
21/08/1985,15.4
22/08/1985,17.4
23/08/1985,15.3
24/08/1985,16.7
25/08/1985,16.5
26/08/1985,15.3
27/08/1985,18.8
28/08/1985,15.3
29/08/1985,15.6
30/08/1985,18.7
31/08/1985,17.4
01/09/1985,12.6
02/09/1985,12.9
03/09/1985,13.5
04/09/1985,13.6
05/09/1985,13.7
06/09/1985,15.1
07/09/1985,14.3
08/09/1985,21.3
09/09/1985,21.5
10/09/1985,23.2
11/09/1985,15.3
12/09/1985,19.1
13/09/1985,15.3
14/09/1985,14.8
15/09/1985,15.6
16/09/1985,14.6
17/09/1985,14.7
18/09/1985,13.7
19/09/1985,13.6
20/09/1985,13.5
21/09/1985,14.6
22/09/1985,15.6
23/09/1985,20.7
24/09/1985,25.1
25/09/1985,19.7
26/09/1985,12.5
27/09/1985,14.1
28/09/1985,13.3
29/09/1985,14.7
30/09/1985,20.5
01/10/1985,21.8
02/10/1985,16.2
03/10/1985,25.8
04/10/1985,26.6
05/10/1985,19.4
06/10/1985,21.1
07/10/1985,20.2
08/10/1985,20.9
09/10/1985,18.1
10/10/1985,26.3
11/10/1985,19.2
12/10/1985,16.1
13/10/1985,17.9
14/10/1985,21.1
15/10/1985,25.7
16/10/1985,23.7
17/10/1985,19.7
18/10/1985,16.8
19/10/1985,14.3
20/10/1985,14.2
21/10/1985,20.5
22/10/1985,22.2
23/10/1985,15.4
24/10/1985,17.2
25/10/1985,18
26/10/1985,20.5
27/10/1985,23.8
28/10/1985,24.1
29/10/1985,25.8
30/10/1985,19.4
31/10/1985,18.3
01/11/1985,22.3
02/11/1985,17.4
03/11/1985,20.2
04/11/1985,27.5
05/11/1985,23.9
06/11/1985,22.8
07/11/1985,22.7
08/11/1985,21.5
09/11/1985,21.9
10/11/1985,30.3
11/11/1985,17.7
12/11/1985,26.8
13/11/1985,28.3
14/11/1985,24.2
15/11/1985,18.2
16/11/1985,21.8
17/11/1985,17.8
18/11/1985,16.1
19/11/1985,18.7
20/11/1985,17.1
21/11/1985,15.7
22/11/1985,20.8
23/11/1985,26.2
24/11/1985,26.2
25/11/1985,21.3
26/11/1985,20.5
27/11/1985,20.7
28/11/1985,19.9
29/11/1985,19.1
30/11/1985,21.7
01/12/1985,25.6
02/12/1985,23.4
03/12/1985,26.6
04/12/1985,23.5
05/12/1985,25
06/12/1985,25.8
07/12/1985,28.1
08/12/1985,27.8
09/12/1985,23.2
10/12/1985,21
11/12/1985,21.1
12/12/1985,18.3
13/12/1985,19.6
14/12/1985,22.2
15/12/1985,30.6
16/12/1985,23.1
17/12/1985,18.4
18/12/1985,22.4
19/12/1985,30.9
20/12/1985,25.2
21/12/1985,21.4
22/12/1985,20.4
23/12/1985,18.7
24/12/1985,22
25/12/1985,26.6
26/12/1985,20.4
27/12/1985,18.5
28/12/1985,22.5
29/12/1985,32.7
30/12/1985,27.8
31/12/1985,19
01/01/1986,21
02/01/1986,18.5
03/01/1986,22.2
04/01/1986,23.3
05/01/1986,19.8
06/01/1986,24.7
07/01/1986,32.4
08/01/1986,20
09/01/1986,18.2
10/01/1986,20.4
11/01/1986,25.5
12/01/1986,24.4
13/01/1986,21.5
14/01/1986,32.4
15/01/1986,27.2
16/01/1986,19.1
17/01/1986,19.7
18/01/1986,21.3
19/01/1986,20.3
20/01/1986,21
21/01/1986,22.6
22/01/1986,21.5
23/01/1986,24.2
24/01/1986,25
25/01/1986,20.6
26/01/1986,19.6
27/01/1986,20
28/01/1986,29.5
29/01/1986,35.5
30/01/1986,21.1
31/01/1986,23.7
01/02/1986,33.7
02/02/1986,21.8
03/02/1986,21.2
04/02/1986,23.7
05/02/1986,26.4
06/02/1986,21.8
07/02/1986,31.1
08/02/1986,38.3
09/02/1986,22.7
10/02/1986,21.5
11/02/1986,20.8
12/02/1986,30
13/02/1986,34.5
14/02/1986,36.5
15/02/1986,28.9
16/02/1986,27.2
17/02/1986,25.5
18/02/1986,22.3
19/02/1986,21.8
20/02/1986,22.4
21/02/1986,19.7
22/02/1986,19.4
23/02/1986,18.5
24/02/1986,24
25/02/1986,25.8
26/02/1986,25.5
27/02/1986,26.6
28/02/1986,34.5
01/03/1986,21.1
02/03/1986,20.4
03/03/1986,24.9
04/03/1986,21.9
05/03/1986,25.5
06/03/1986,38
07/03/1986,36.4
08/03/1986,19
09/03/1986,18.4
10/03/1986,17.7
11/03/1986,21.3
12/03/1986,25.7
13/03/1986,30.5
14/03/1986,32.6
15/03/1986,23
16/03/1986,20.5
17/03/1986,21.8
18/03/1986,26.4
19/03/1986,25.8
20/03/1986,36.7
21/03/1986,27.2
22/03/1986,27.7
23/03/1986,20.4
24/03/1986,18.8
25/03/1986,22.6
26/03/1986,32.7
27/03/1986,22.8
28/03/1986,24.4
29/03/1986,32.6
30/03/1986,29.1
31/03/1986,18.3
01/04/1986,19.6
02/04/1986,28.6
03/04/1986,26.8
04/04/1986,30.7
05/04/1986,16.8
06/04/1986,16.1
07/04/1986,18.2
08/04/1986,19.3
09/04/1986,19.8
10/04/1986,26.8
11/04/1986,17.5
12/04/1986,18.2
13/04/1986,24.9
14/04/1986,27.3
15/04/1986,24.8
16/04/1986,18
17/04/1986,16.8
18/04/1986,14.6
19/04/1986,18.7
20/04/1986,18.8
21/04/1986,19.5
22/04/1986,21.1
23/04/1986,20
24/04/1986,18.5
25/04/1986,17
26/04/1986,16.2
27/04/1986,16.7
28/04/1986,14.9
29/04/1986,15.5
30/04/1986,15.3
01/05/1986,15.7
02/05/1986,17.3
03/05/1986,17.1
04/05/1986,16.2
05/05/1986,15.4
06/05/1986,15
07/05/1986,19
08/05/1986,19.7
09/05/1986,19.7
10/05/1986,15.1
11/05/1986,16.4
12/05/1986,21.7
13/05/1986,19.5
14/05/1986,17.2
15/05/1986,16.4
16/05/1986,18
17/05/1986,19.5
18/05/1986,16.2
19/05/1986,16
20/05/1986,14.4
21/05/1986,15.4
22/05/1986,18.2
23/05/1986,13.8
24/05/1986,16.1
25/05/1986,13.7
26/05/1986,16.8
27/05/1986,15.9
28/05/1986,16.7
29/05/1986,14.6
30/05/1986,15.2
31/05/1986,14
01/06/1986,14.1
02/06/1986,16
03/06/1986,16.7
04/06/1986,15.2
05/06/1986,13.3
06/06/1986,14
07/06/1986,15.9
08/06/1986,14.5
09/06/1986,14.2
10/06/1986,13
11/06/1986,13.7
12/06/1986,14.7
13/06/1986,14.6
14/06/1986,13.9
15/06/1986,14.2
16/06/1986,16.8
17/06/1986,14.7
18/06/1986,12.1
19/06/1986,10.2
20/06/1986,10.8
21/06/1986,11.9
22/06/1986,11.8
23/06/1986,12
24/06/1986,12.7
25/06/1986,13.6
26/06/1986,13
27/06/1986,13.1
28/06/1986,11.1
29/06/1986,12.8
30/06/1986,13.3
01/07/1986,11.7
02/07/1986,14.3
03/07/1986,15.4
04/07/1986,14.2
05/07/1986,13
06/07/1986,13.1
07/07/1986,12.4
08/07/1986,11.2
09/07/1986,9.2
10/07/1986,12.4
11/07/1986,12.7
12/07/1986,13.7
13/07/1986,12.7
14/07/1986,15
15/07/1986,16.4
16/07/1986,14
17/07/1986,13.2
18/07/1986,13.6
19/07/1986,15.4
20/07/1986,13.8
21/07/1986,15
22/07/1986,14.5
23/07/1986,14.8
24/07/1986,14
25/07/1986,8.2
26/07/1986,10
27/07/1986,11.2
28/07/1986,13.3
29/07/1986,13.7
30/07/1986,15
31/07/1986,12.5
01/08/1986,15.3
02/08/1986,16.4
03/08/1986,17.6
04/08/1986,15
05/08/1986,14.8
06/08/1986,13.8
07/08/1986,14.8
08/08/1986,16.6
09/08/1986,17.3
10/08/1986,12.2
11/08/1986,12.1
12/08/1986,13.9
13/08/1986,16.8
14/08/1986,16.8
15/08/1986,14.5
16/08/1986,15.1
17/08/1986,13.8
18/08/1986,13
19/08/1986,14.5
20/08/1986,18
21/08/1986,20.2
22/08/1986,21
23/08/1986,16.5
24/08/1986,12.2
25/08/1986,15
26/08/1986,15.7
27/08/1986,17.7
28/08/1986,18.9
29/08/1986,14.9
30/08/1986,11.4
31/08/1986,15.4
01/09/1986,15.2
02/09/1986,17.6
03/09/1986,17.2
04/09/1986,21.6
05/09/1986,18.7
06/09/1986,13.9
07/09/1986,13.3
08/09/1986,14.6
09/09/1986,16.5
10/09/1986,17.7
11/09/1986,13.6
12/09/1986,15.2
13/09/1986,15.5
14/09/1986,16.5
15/09/1986,18.8
16/09/1986,13.6
17/09/1986,14
18/09/1986,13.8
19/09/1986,16
20/09/1986,19.3
21/09/1986,16.9
22/09/1986,14.3
23/09/1986,16.7
24/09/1986,21.3
25/09/1986,19.4
26/09/1986,18.7
27/09/1986,14.7
28/09/1986,16.2
29/09/1986,15.5
30/09/1986,23.4
01/10/1986,22
02/10/1986,16.7
03/10/1986,14.4
04/10/1986,16.4
05/10/1986,19.6
06/10/1986,18.3
07/10/1986,14.4
08/10/1986,14.8
09/10/1986,17.1
10/10/1986,15.2
11/10/1986,19.5
12/10/1986,21.1
13/10/1986,21.7
14/10/1986,14.6
15/10/1986,18.2
16/10/1986,17.8
17/10/1986,23.5
18/10/1986,20.8
19/10/1986,15.7
20/10/1986,16.1
21/10/1986,21
22/10/1986,15
23/10/1986,16
24/10/1986,16
25/10/1986,14.8
26/10/1986,14.6
27/10/1986,16.1
28/10/1986,21.6
29/10/1986,23.8
30/10/1986,27
31/10/1986,20.7
01/11/1986,19.7
02/11/1986,20
03/11/1986,28.8
04/11/1986,30
05/11/1986,33.1
06/11/1986,18.9
07/11/1986,16.3
08/11/1986,19
09/11/1986,18.3
10/11/1986,21.2
11/11/1986,16.5
12/11/1986,16.7
13/11/1986,19.5
14/11/1986,29.1
15/11/1986,19.7
16/11/1986,22.6
17/11/1986,20.7
18/11/1986,14
19/11/1986,15.5
20/11/1986,14.8
21/11/1986,19.2
22/11/1986,27.4
23/11/1986,18.5
24/11/1986,18.5
25/11/1986,31.5
26/11/1986,16.7
27/11/1986,15.7
28/11/1986,16.7
29/11/1986,22
30/11/1986,25.7
01/12/1986,29.2
02/12/1986,27.7
03/12/1986,29.4
04/12/1986,19.9
05/12/1986,27.8
06/12/1986,31.2
07/12/1986,22.8
08/12/1986,17.6
09/12/1986,19.4
10/12/1986,27.5
11/12/1986,18.4
12/12/1986,17.3
13/12/1986,17.5
14/12/1986,17.3
15/12/1986,21.9
16/12/1986,21.1
17/12/1986,17.9
18/12/1986,19.6
19/12/1986,23.6
20/12/1986,18.2
21/12/1986,20
22/12/1986,17.5
23/12/1986,18.9
24/12/1986,18.7
25/12/1986,28.9
26/12/1986,21.6
27/12/1986,20.7
28/12/1986,21.8
29/12/1986,21.9
30/12/1986,35
31/12/1986,26
01/01/1987,20
02/01/1987,33.6
03/01/1987,20.1
04/01/1987,23.5
05/01/1987,23.6
06/01/1987,24.5
07/01/1987,27
08/01/1987,17
09/01/1987,18.9
10/01/1987,21.8
11/01/1987,27.5
12/01/1987,22.8
13/01/1987,26.5
14/01/1987,22.7
15/01/1987,22.5
16/01/1987,37.8
17/01/1987,22
18/01/1987,27.6
19/01/1987,21.2
20/01/1987,22.6
21/01/1987,18.7
22/01/1987,17.5
23/01/1987,17.7
24/01/1987,30.3
25/01/1987,25.6
26/01/1987,32.7
27/01/1987,22.9
28/01/1987,21
29/01/1987,22.5
30/01/1987,25.7
31/01/1987,37.8
01/02/1987,21.3
02/02/1987,38.7
03/02/1987,21.5
04/02/1987,18.8
05/02/1987,21.7
06/02/1987,30.6
07/02/1987,40
08/02/1987,20.8
09/02/1987,23.7
10/02/1987,22
11/02/1987,20.5
12/02/1987,23.3
13/02/1987,34.2
14/02/1987,36.7
15/02/1987,21.3
16/02/1987,28.7
17/02/1987,27.6
18/02/1987,28.8
19/02/1987,37
20/02/1987,21.7
21/02/1987,22.7
22/02/1987,18.5
23/02/1987,25.4
24/02/1987,28.7
25/02/1987,18.4
26/02/1987,24.3
27/02/1987,33
28/02/1987,16.5
01/03/1987,18
02/03/1987,22.1
03/03/1987,24.3
04/03/1987,24.7
05/03/1987,30.1
06/03/1987,22.7
07/03/1987,22.9
08/03/1987,16.4
09/03/1987,16.2
10/03/1987,19
11/03/1987,27
12/03/1987,21.7
13/03/1987,16.7
14/03/1987,17.7
15/03/1987,21.6
16/03/1987,33.8
17/03/1987,31.8
18/03/1987,32
19/03/1987,17.6
20/03/1987,20.2
21/03/1987,17.3
22/03/1987,17
23/03/1987,15.6
24/03/1987,17.1
25/03/1987,21.9
26/03/1987,20.1
27/03/1987,29.7
28/03/1987,20.7
29/03/1987,16.5
30/03/1987,15.8
31/03/1987,17.4
01/04/1987,19.4
02/04/1987,21.1
03/04/1987,19.9
04/04/1987,28.6
05/04/1987,29.7
06/04/1987,29.7
07/04/1987,19.9
08/04/1987,17.4
09/04/1987,18.6
10/04/1987,23
11/04/1987,25.1
12/04/1987,26.6
13/04/1987,19
14/04/1987,21.2
15/04/1987,16.5
16/04/1987,17.5
17/04/1987,18.2
18/04/1987,24
19/04/1987,22.8
20/04/1987,15.1
21/04/1987,16.1
22/04/1987,15.8
23/04/1987,17
24/04/1987,19.7
25/04/1987,24.9
26/04/1987,26.9
27/04/1987,27.9
28/04/1987,18.5
29/04/1987,17
30/04/1987,16.4
01/05/1987,20.8
02/05/1987,16.7
03/05/1987,15.8
04/05/1987,18.5
05/05/1987,16.5
06/05/1987,16.6
07/05/1987,17.4
08/05/1987,21.7
09/05/1987,22.7
10/05/1987,23.3
11/05/1987,22.5
12/05/1987,21.9
13/05/1987,17.9
14/05/1987,20.1
15/05/1987,16
16/05/1987,16.6
17/05/1987,15.6
18/05/1987,15.2
19/05/1987,14.3
20/05/1987,15
21/05/1987,14.5
22/05/1987,16.9
23/05/1987,18.3
24/05/1987,18
25/05/1987,13.5
26/05/1987,13.7
27/05/1987,10.9
28/05/1987,13.6
29/05/1987,15.2
30/05/1987,14.1
31/05/1987,13.2
01/06/1987,13.8
02/06/1987,14.6
03/06/1987,16.2
04/06/1987,14.5
05/06/1987,14.3
06/06/1987,15.6
07/06/1987,15.9
08/06/1987,19.3
09/06/1987,16
10/06/1987,20.3
11/06/1987,15.8
12/06/1987,16.2
13/06/1987,12.8
14/06/1987,15
15/06/1987,13.4
16/06/1987,13.2
17/06/1987,13.8
18/06/1987,15.7
19/06/1987,16.2
20/06/1987,14.9
21/06/1987,18.3
22/06/1987,15.3
23/06/1987,15.2
24/06/1987,14.2
25/06/1987,12
26/06/1987,13.7
27/06/1987,13.8
28/06/1987,12.3
29/06/1987,12.8
30/06/1987,13.1
01/07/1987,14.5
02/07/1987,14
03/07/1987,13.3
04/07/1987,15.7
05/07/1987,16
06/07/1987,16.2
07/07/1987,18
08/07/1987,16.3
09/07/1987,15.8
10/07/1987,13.3
11/07/1987,13.7
12/07/1987,11.5
13/07/1987,13.7
14/07/1987,12.3
15/07/1987,12.6
16/07/1987,12.7
17/07/1987,14.8
18/07/1987,14.9
19/07/1987,12
20/07/1987,12.8
21/07/1987,12.4
22/07/1987,13
23/07/1987,13.1
24/07/1987,12.9
25/07/1987,13.8
26/07/1987,15.2
27/07/1987,13.1
28/07/1987,11.1
29/07/1987,10.8
30/07/1987,13.1
31/07/1987,15
01/08/1987,15.7
02/08/1987,16.4
03/08/1987,14.1
04/08/1987,15.5
05/08/1987,14.8
06/08/1987,13.9
07/08/1987,15.4
08/08/1987,14.8
09/08/1987,10.9
10/08/1987,12.9
11/08/1987,12.8
12/08/1987,18.6
13/08/1987,14.6
14/08/1987,18
15/08/1987,18.5
16/08/1987,11.8
17/08/1987,13.3
18/08/1987,14.5
19/08/1987,14
20/08/1987,13.3
21/08/1987,15
22/08/1987,18.4
23/08/1987,13.6
24/08/1987,15.3
25/08/1987,16.1
26/08/1987,19
27/08/1987,15.5
28/08/1987,16.2
29/08/1987,14.9
30/08/1987,17.9
31/08/1987,10.1
01/09/1987,12.1
02/09/1987,13.1
03/09/1987,12.9
04/09/1987,15.4
05/09/1987,15.6
06/09/1987,14
07/09/1987,14.2
08/09/1987,17.4
09/09/1987,14
10/09/1987,13.6
11/09/1987,15.7
12/09/1987,14
13/09/1987,15
14/09/1987,16.4
15/09/1987,15.1
16/09/1987,17.1
17/09/1987,18.9
18/09/1987,23.8
19/09/1987,25.9
20/09/1987,15
21/09/1987,17
22/09/1987,19
23/09/1987,26.5
24/09/1987,26.9
25/09/1987,23.7
26/09/1987,30.7
27/09/1987,29.6
28/09/1987,25.9
29/09/1987,20.2
30/09/1987,14.8
01/10/1987,13.9
02/10/1987,15.7
03/10/1987,22.8
04/10/1987,18.7
05/10/1987,17
06/10/1987,19
07/10/1987,14.1
08/10/1987,17.6
09/10/1987,19
10/10/1987,15.8
11/10/1987,12.9
12/10/1987,14.5
13/10/1987,15.9
14/10/1987,21.9
15/10/1987,24.1
16/10/1987,19.4
17/10/1987,15.4
18/10/1987,17.6
19/10/1987,20.5
20/10/1987,19.4
21/10/1987,18
22/10/1987,16.8
23/10/1987,15.8
24/10/1987,16
25/10/1987,22.1
26/10/1987,26.8
27/10/1987,26.3
28/10/1987,17.5
29/10/1987,19
30/10/1987,30.3
31/10/1987,32.7
01/11/1987,35
02/11/1987,36.1
03/11/1987,18.1
04/11/1987,18.1
05/11/1987,16.8
06/11/1987,18.6
07/11/1987,20.5
08/11/1987,27.8
09/11/1987,18.8
10/11/1987,16.8
11/11/1987,17.2
12/11/1987,19.6
13/11/1987,18.8
14/11/1987,18.5
15/11/1987,19.8
16/11/1987,30.5
17/11/1987,28.3
18/11/1987,32.6
19/11/1987,30.1
20/11/1987,19.8
21/11/1987,19.9
22/11/1987,23.8
23/11/1987,24.3
24/11/1987,17.4
25/11/1987,18.2
26/11/1987,18.4
27/11/1987,16.9
28/11/1987,24
29/11/1987,32.8
30/11/1987,18.9
01/12/1987,15.5
02/12/1987,16
03/12/1987,16.6
04/12/1987,20.8
05/12/1987,19.6
06/12/1987,18.5
07/12/1987,17.6
08/12/1987,20.8
09/12/1987,21.5
10/12/1987,25
11/12/1987,21.2
12/12/1987,22.6
13/12/1987,25.6
14/12/1987,25.1
15/12/1987,32.5
16/12/1987,27.8
17/12/1987,21.5
18/12/1987,20.7
19/12/1987,19.9
20/12/1987,18.4
21/12/1987,22.3
22/12/1987,24.6
23/12/1987,25.6
24/12/1987,19
25/12/1987,18.7
26/12/1987,29.2
27/12/1987,31.8
28/12/1987,18.4
29/12/1987,19.2
30/12/1987,30.8
31/12/1987,32.2
01/01/1988,22
02/01/1988,21.4
03/01/1988,20
04/01/1988,20.6
05/01/1988,22.2
06/01/1988,30
07/01/1988,40.4
08/01/1988,26.3
09/01/1988,39
10/01/1988,30.6
11/01/1988,39.2
12/01/1988,37.8
13/01/1988,28.8
14/01/1988,30.8
15/01/1988,38.7
16/01/1988,25.2
17/01/1988,20.6
18/01/1988,21
19/01/1988,25.6
20/01/1988,36.2
21/01/1988,24.9
22/01/1988,26.2
23/01/1988,20
24/01/1988,19.7
25/01/1988,20.3
26/01/1988,25.1
27/01/1988,29.1
28/01/1988,37.5
29/01/1988,39.2
30/01/1988,33.7
31/01/1988,19.5
01/02/1988,19.9
02/02/1988,21
03/02/1988,20.3
04/02/1988,22.6
05/02/1988,32.9
06/02/1988,21.3
07/02/1988,19.5
08/02/1988,19.2
09/02/1988,22
10/02/1988,27.2
11/02/1988,32.2
12/02/1988,25.4
13/02/1988,25
14/02/1988,25.2
15/02/1988,26.7
16/02/1988,25.3
17/02/1988,29.9
18/02/1988,27.6
19/02/1988,20.6
20/02/1988,21
21/02/1988,21.6
22/02/1988,24
23/02/1988,23.8
24/02/1988,21.9
25/02/1988,29.4
26/02/1988,37.4
27/02/1988,21.5
28/02/1988,21.1
29/02/1988,21
01/03/1988,36.3
02/03/1988,28.7
03/03/1988,19.4
04/03/1988,20.3
05/03/1988,20.8
06/03/1988,30.5
07/03/1988,30.3
08/03/1988,23.4
09/03/1988,25.7
10/03/1988,15.7
11/03/1988,19.3
12/03/1988,18.8
13/03/1988,17
14/03/1988,17.6
15/03/1988,18.5
16/03/1988,21
17/03/1988,26.9
18/03/1988,30.6
19/03/1988,32.7
20/03/1988,29.2
21/03/1988,25.8
22/03/1988,28.2
23/03/1988,24.7
24/03/1988,30.6
25/03/1988,30.6
26/03/1988,29
27/03/1988,26.5
28/03/1988,25.5
29/03/1988,24.9
30/03/1988,20.9
31/03/1988,23.4
01/04/1988,18.1
02/04/1988,20.7
03/04/1988,20.3
04/04/1988,21.1
05/04/1988,19.5
06/04/1988,20.4
07/04/1988,17.3
08/04/1988,18.5
09/04/1988,21
10/04/1988,23.5
11/04/1988,25.7
12/04/1988,23.1
13/04/1988,24.8
14/04/1988,22.4
15/04/1988,17.4
16/04/1988,18.3
17/04/1988,26
18/04/1988,25.5
19/04/1988,21.8
20/04/1988,21.2
21/04/1988,25.2
22/04/1988,21.7
23/04/1988,22.6
24/04/1988,24.3
25/04/1988,17
26/04/1988,20.7
27/04/1988,22.7
28/04/1988,25.4
29/04/1988,24.9
30/04/1988,25
01/05/1988,20.5
02/05/1988,20.2
03/05/1988,19.4
04/05/1988,21.4
05/05/1988,25.5
06/05/1988,19.4
07/05/1988,18.8
08/05/1988,17
09/05/1988,15.5
10/05/1988,16.2
11/05/1988,16.7
12/05/1988,20.1
13/05/1988,21.4
14/05/1988,16.4
15/05/1988,17.3
16/05/1988,17
17/05/1988,18.2
18/05/1988,17.5
19/05/1988,14.9
20/05/1988,18
21/05/1988,16.7
22/05/1988,17.1
23/05/1988,16.8
24/05/1988,17.7
25/05/1988,18.4
26/05/1988,18.5
27/05/1988,15.5
28/05/1988,15.4
29/05/1988,17.5
30/05/1988,16.8
31/05/1988,18.9
01/06/1988,19.4
02/06/1988,20.3
03/06/1988,19.3
04/06/1988,17
05/06/1988,16.4
06/06/1988,13.3
07/06/1988,13.6
08/06/1988,14.1
09/06/1988,14.8
10/06/1988,14.1
11/06/1988,17
12/06/1988,16
13/06/1988,16.5
14/06/1988,14.9
15/06/1988,14.4
16/06/1988,13.5
17/06/1988,11.3
18/06/1988,15
19/06/1988,13
20/06/1988,14.9
21/06/1988,14.6
22/06/1988,14.1
23/06/1988,15.5
24/06/1988,14.4
25/06/1988,12
26/06/1988,17.5
27/06/1988,13.3
28/06/1988,14.3
29/06/1988,14
30/06/1988,13.5
01/07/1988,13.3
02/07/1988,12.3
03/07/1988,12.6
04/07/1988,14.1
05/07/1988,16.6
06/07/1988,17.3
07/07/1988,17.1
08/07/1988,16.1
09/07/1988,15
10/07/1988,15.4
11/07/1988,14.6
12/07/1988,14.6
13/07/1988,16.8
14/07/1988,16.5
15/07/1988,15.6
16/07/1988,14.8
17/07/1988,15.2
18/07/1988,15.2
19/07/1988,15
20/07/1988,14.1
21/07/1988,15.5
22/07/1988,12.6
23/07/1988,12.9
24/07/1988,15.1
25/07/1988,13
26/07/1988,15.6
27/07/1988,13.4
28/07/1988,14.4
29/07/1988,14.5
30/07/1988,15.4
31/07/1988,16.7
01/08/1988,16.1
02/08/1988,16.6
03/08/1988,16.5
04/08/1988,13.8
05/08/1988,13.4
06/08/1988,11.9
07/08/1988,10.7
08/08/1988,13.2
09/08/1988,13.1
10/08/1988,12.8
11/08/1988,16.2
12/08/1988,18
13/08/1988,18.9
14/08/1988,18.3
15/08/1988,19.8
16/08/1988,19.3
17/08/1988,16.2
18/08/1988,17.6
19/08/1988,17.5
20/08/1988,13.2
21/08/1988,13.2
22/08/1988,13.4
23/08/1988,14.2
24/08/1988,16.1
25/08/1988,14.2
26/08/1988,14.3
27/08/1988,14.5
28/08/1988,17.1
29/08/1988,18.2
30/08/1988,22.2
31/08/1988,22.4
01/09/1988,15.6
02/09/1988,16.6
03/09/1988,14.5
04/09/1988,17.7
05/09/1988,21
06/09/1988,14.3
07/09/1988,20
08/09/1988,20.2
09/09/1988,19.2
10/09/1988,19.8
11/09/1988,14.8
12/09/1988,14.2
13/09/1988,17.2
14/09/1988,17.2
15/09/1988,22.1
16/09/1988,15.4
17/09/1988,16.1
18/09/1988,14.8
19/09/1988,15.1
20/09/1988,20.2
21/09/1988,22.3
22/09/1988,24.6
23/09/1988,18.4
24/09/1988,18.2
25/09/1988,23.4
26/09/1988,23.8
27/09/1988,20.1
28/09/1988,20.5
29/09/1988,19.5
30/09/1988,18.8
01/10/1988,19.8
02/10/1988,26.2
03/10/1988,21.2
04/10/1988,21.2
05/10/1988,17.3
06/10/1988,20.5
07/10/1988,19.2
08/10/1988,18
09/10/1988,17.7
10/10/1988,23.7
11/10/1988,16.9
12/10/1988,23.2
13/10/1988,22.3
14/10/1988,18.7
15/10/1988,24
16/10/1988,16.4
17/10/1988,18.8
18/10/1988,19
19/10/1988,26.7
20/10/1988,19.3
21/10/1988,19.5
22/10/1988,21.2
23/10/1988,17
24/10/1988,24.4
25/10/1988,29
26/10/1988,19.2
27/10/1988,24.6
28/10/1988,23.4
29/10/1988,22.6
30/10/1988,21.1
31/10/1988,29.1
01/11/1988,36.1
02/11/1988,23.1
03/11/1988,16.5
04/11/1988,16.2
05/11/1988,21.3
06/11/1988,25.4
07/11/1988,26.4
08/11/1988,21.1
09/11/1988,21.1
10/11/1988,19.7
11/11/1988,31.2
12/11/1988,34.5
13/11/1988,22.9
14/11/1988,13.5
15/11/1988,16.2
16/11/1988,15.3
17/11/1988,19.2
18/11/1988,29.4
19/11/1988,27.7
20/11/1988,19.6
21/11/1988,16.8
22/11/1988,19.9
23/11/1988,20.4
24/11/1988,18.3
25/11/1988,16.7
26/11/1988,16.9
27/11/1988,18.9
28/11/1988,17.6
29/11/1988,18.6
30/11/1988,21.4
01/12/1988,28.7
02/12/1988,28
03/12/1988,22.8
04/12/1988,17.2
05/12/1988,18.7
06/12/1988,19.9
07/12/1988,23
08/12/1988,30.8
09/12/1988,31.7
10/12/1988,20.8
11/12/1988,20.8
12/12/1988,25.2
13/12/1988,31.3
14/12/1988,32.1
15/12/1988,34.3
16/12/1988,33.7
17/12/1988,28.6
18/12/1988,19.2
19/12/1988,20.9
20/12/1988,21.1
21/12/1988,26.1
22/12/1988,26.4
23/12/1988,36.8
24/12/1988,26.3
25/12/1988,17.9
26/12/1988,21.3
27/12/1988,19.5
28/12/1988,20.1
29/12/1988,21.7
30/12/1988,19.5
01/01/1989,24.8
02/01/1989,30.2
03/01/1989,31.6
04/01/1989,19
05/01/1989,21.3
06/01/1989,20.6
07/01/1989,22.8
08/01/1989,33.2
09/01/1989,24.7
10/01/1989,21.3
11/01/1989,17.9
12/01/1989,18.7
13/01/1989,25.3
14/01/1989,31
15/01/1989,33.2
16/01/1989,31
17/01/1989,18.2
18/01/1989,19.1
19/01/1989,22.2
20/01/1989,20.3
21/01/1989,19.8
22/01/1989,18.3
23/01/1989,27.5
24/01/1989,29.8
25/01/1989,31
26/01/1989,32.9
27/01/1989,35.5
28/01/1989,36
29/01/1989,36.6
30/01/1989,21.7
31/01/1989,19.8
01/02/1989,26.7
02/02/1989,22.9
03/02/1989,19.8
04/02/1989,24.9
05/02/1989,24.8
06/02/1989,28.8
07/02/1989,32.7
08/02/1989,33.7
09/02/1989,24.7
10/02/1989,21.6
11/02/1989,26.2
12/02/1989,33.4
13/02/1989,22.9
14/02/1989,31.2
15/02/1989,23.1
16/02/1989,24.4
17/02/1989,30.7
18/02/1989,38.8
19/02/1989,21.5
20/02/1989,20.7
21/02/1989,20.3
22/02/1989,21.3
23/02/1989,30
24/02/1989,37.1
25/02/1989,21.1
26/02/1989,22
27/02/1989,34.4
28/02/1989,33.8
01/03/1989,37.8
02/03/1989,38.4
03/03/1989,32.8
04/03/1989,34.4
05/03/1989,26.4
06/03/1989,27.3
07/03/1989,28
08/03/1989,30.7
09/03/1989,30.7
10/03/1989,23.4
11/03/1989,26.1
12/03/1989,26.1
13/03/1989,21.8
14/03/1989,18.9
15/03/1989,18.5
16/03/1989,17.5
17/03/1989,21.5
18/03/1989,25.1
19/03/1989,21.9
20/03/1989,24.2
21/03/1989,24.2
22/03/1989,27.4
23/03/1989,21.3
24/03/1989,18
25/03/1989,18.7
26/03/1989,20
27/03/1989,20.9
28/03/1989,19.3
29/03/1989,19.3
30/03/1989,22.2
31/03/1989,17.7
01/04/1989,21.9
02/04/1989,25.2
03/04/1989,25.1
04/04/1989,28.5
05/04/1989,27.6
06/04/1989,19.6
07/04/1989,18.5
08/04/1989,19.2
09/04/1989,20.4
10/04/1989,22.8
11/04/1989,23
12/04/1989,20.3
13/04/1989,18
14/04/1989,18
15/04/1989,20.2
16/04/1989,18.1
17/04/1989,19.2
18/04/1989,17.8
19/04/1989,19.8
20/04/1989,20.3
21/04/1989,18.3
22/04/1989,18.3
23/04/1989,20.2
24/04/1989,22
25/04/1989,24.3
26/04/1989,24.7
27/04/1989,25.4
28/04/1989,19.9
29/04/1989,23
30/04/1989,21.8
01/05/1989,19.3
02/05/1989,18.5
03/05/1989,20.6
04/05/1989,17.2
05/05/1989,17.5
06/05/1989,19.1
07/05/1989,18
08/05/1989,18.9
09/05/1989,23.4
10/05/1989,19.3
11/05/1989,19.2
12/05/1989,21.2
13/05/1989,21.5
14/05/1989,17.2
15/05/1989,16.8
16/05/1989,16
17/05/1989,18.9
18/05/1989,20.6
19/05/1989,15.9
20/05/1989,16.7
21/05/1989,18.4
22/05/1989,16.2
23/05/1989,16.2
24/05/1989,15.8
25/05/1989,16.2
26/05/1989,18.3
27/05/1989,18.5
28/05/1989,19.4
29/05/1989,17
30/05/1989,14.6
31/05/1989,11
01/06/1989,12.4
02/06/1989,14
03/06/1989,10.8
04/06/1989,13.1
05/06/1989,15
06/06/1989,13
07/06/1989,17.5
08/06/1989,16
09/06/1989,10.2
10/06/1989,13.7
11/06/1989,15.4
12/06/1989,13.6
13/06/1989,12.9
14/06/1989,14.2
15/06/1989,15
16/06/1989,15.2
17/06/1989,18.2
18/06/1989,12.3
19/06/1989,13.8
20/06/1989,13.9
21/06/1989,14.6
22/06/1989,14.9
23/06/1989,12.6
24/06/1989,11.2
25/06/1989,12.9
26/06/1989,14.1
27/06/1989,12.8
28/06/1989,15.8
29/06/1989,16
30/06/1989,16
01/07/1989,16.6
02/07/1989,16.6
03/07/1989,16
04/07/1989,12.7
05/07/1989,12.3
06/07/1989,11.8
07/07/1989,14.1
08/07/1989,12.6
09/07/1989,12.9
10/07/1989,11.5
11/07/1989,12.9
12/07/1989,11.8
13/07/1989,11.9
14/07/1989,14.2
15/07/1989,12
16/07/1989,11.7
17/07/1989,11.8
18/07/1989,13
19/07/1989,11.4
20/07/1989,11
21/07/1989,12.3
22/07/1989,13.1
23/07/1989,11.4
24/07/1989,16
25/07/1989,15.3
26/07/1989,13.2
27/07/1989,15.9
28/07/1989,16
29/07/1989,19.6
30/07/1989,15.2
31/07/1989,10.6
01/08/1989,14.8
02/08/1989,15.8
03/08/1989,14.1
04/08/1989,14.4
05/08/1989,10.7
06/08/1989,13.2
07/08/1989,13
08/08/1989,13.2
09/08/1989,16
10/08/1989,13.2
11/08/1989,11.8
12/08/1989,11.6
13/08/1989,13.4
14/08/1989,15.2
15/08/1989,15.5
16/08/1989,13.5
17/08/1989,14
18/08/1989,18.5
19/08/1989,14.9
20/08/1989,13.9
21/08/1989,15.9
22/08/1989,11.3
23/08/1989,12.2
24/08/1989,13.8
25/08/1989,13.8
26/08/1989,11.3
27/08/1989,13
28/08/1989,13.6
29/08/1989,13.2
30/08/1989,16
31/08/1989,17.2
01/09/1989,14.7
02/09/1989,15.5
03/09/1989,15.2
04/09/1989,16
05/09/1989,16.6
06/09/1989,17.8
07/09/1989,19.8
08/09/1989,20.6
09/09/1989,19
10/09/1989,19.5
11/09/1989,12.6
12/09/1989,14.3
13/09/1989,14.9
14/09/1989,13.7
15/09/1989,14.2
16/09/1989,18.4
17/09/1989,15.4
18/09/1989,18.7
19/09/1989,16.9
20/09/1989,16.5
21/09/1989,20
22/09/1989,17.2
23/09/1989,15.8
24/09/1989,20
25/09/1989,14.3
26/09/1989,14.2
27/09/1989,14.7
28/09/1989,22.4
29/09/1989,25.3
30/09/1989,21.5
01/10/1989,15
02/10/1989,13.8
03/10/1989,15.6
04/10/1989,22.8
05/10/1989,18
06/10/1989,16.6
07/10/1989,20
08/10/1989,17.5
09/10/1989,18.1
10/10/1989,17.1
11/10/1989,18.4
12/10/1989,18.8
13/10/1989,21.8
14/10/1989,19.7
15/10/1989,26.1
16/10/1989,18.7
17/10/1989,20.8
18/10/1989,29.7
19/10/1989,21
20/10/1989,17.3
21/10/1989,16.8
22/10/1989,19.4
23/10/1989,16.8
24/10/1989,21.1
25/10/1989,20.4
26/10/1989,26.1
27/10/1989,15
28/10/1989,17
29/10/1989,24
30/10/1989,22.5
31/10/1989,16.3
01/11/1989,17.9
02/11/1989,17.7
03/11/1989,18.4
04/11/1989,25.6
05/11/1989,28.3
06/11/1989,15.1
07/11/1989,16.8
08/11/1989,19.6
09/11/1989,15.8
10/11/1989,16.9
11/11/1989,17.8
12/11/1989,18.2
13/11/1989,19.2
14/11/1989,19
15/11/1989,18.4
16/11/1989,22
17/11/1989,16.4
18/11/1989,16.7
19/11/1989,17.4
20/11/1989,20.6
21/11/1989,30.4
22/11/1989,30.3
23/11/1989,35.5
24/11/1989,18.8
25/11/1989,24.7
26/11/1989,27.3
27/11/1989,29.4
28/11/1989,32.5
29/11/1989,33.9
30/11/1989,25
01/12/1989,33.6
02/12/1989,25.7
03/12/1989,19
04/12/1989,18.4
05/12/1989,22.1
06/12/1989,25.2
07/12/1989,23.9
08/12/1989,28.7
09/12/1989,31.1
10/12/1989,29.1
11/12/1989,25.6
12/12/1989,23.2
13/12/1989,19
14/12/1989,17.1
15/12/1989,18
16/12/1989,20
17/12/1989,32.9
18/12/1989,32.1
19/12/1989,25.2
20/12/1989,18.5
21/12/1989,18.9
22/12/1989,20.8
23/12/1989,23.7
24/12/1989,28
25/12/1989,35.2
26/12/1989,23.2
27/12/1989,18
28/12/1989,19.8
29/12/1989,31.9
30/12/1989,21.5
31/12/1989,33
01/01/1990,21.6
02/01/1990,31.2
03/01/1990,36.6
04/01/1990,19.6
05/01/1990,23.1
06/01/1990,21.9
07/01/1990,21.1
08/01/1990,27.6
09/01/1990,27.3
10/01/1990,30.1
11/01/1990,33.5
12/01/1990,24.2
13/01/1990,21.4
14/01/1990,20.4
15/01/1990,20.3
16/01/1990,18.5
17/01/1990,29.5
18/01/1990,25.4
19/01/1990,25.2
20/01/1990,21.6
21/01/1990,21.8
22/01/1990,25.4
23/01/1990,36.6
24/01/1990,36.6
25/01/1990,28.7
26/01/1990,27.2
27/01/1990,25.5
28/01/1990,23.6
29/01/1990,25.6
30/01/1990,35.9
31/01/1990,19.1
01/02/1990,15
02/02/1990,20.7
03/02/1990,21.9
04/02/1990,18.2
05/02/1990,21.9
06/02/1990,25.3
07/02/1990,29.6
08/02/1990,29.9
09/02/1990,24.4
10/02/1990,20.2
11/02/1990,23.5
12/02/1990,26
13/02/1990,25.9
14/02/1990,27.4
15/02/1990,31.5
16/02/1990,35.8
17/02/1990,23.9
18/02/1990,27.8
19/02/1990,26
20/02/1990,31.1
21/02/1990,35.2
22/02/1990,27.8
23/02/1990,21.3
24/02/1990,21.5
25/02/1990,23
26/02/1990,24.4
27/02/1990,27.4
28/02/1990,23.8
01/03/1990,25.2
02/03/1990,28.5
03/03/1990,25.3
04/03/1990,25.6
05/03/1990,24.1
06/03/1990,19.3
07/03/1990,22.7
08/03/1990,31.2
09/03/1990,25.8
10/03/1990,21.5
11/03/1990,20.3
12/03/1990,18.9
13/03/1990,25.2
14/03/1990,26.8
15/03/1990,19.2
16/03/1990,21.5
17/03/1990,30.8
18/03/1990,18.6
19/03/1990,19.8
20/03/1990,21.3
21/03/1990,21.3
22/03/1990,29.9
23/03/1990,32
24/03/1990,32.4
25/03/1990,32.5
26/03/1990,32.6
27/03/1990,31.5
28/03/1990,21
29/03/1990,20.6
30/03/1990,19.7
31/03/1990,19.7
01/04/1990,20.1
02/04/1990,17.8
03/04/1990,22.1
04/04/1990,28.8
05/04/1990,26.8
06/04/1990,27.1
07/04/1990,19.4
08/04/1990,19.1
09/04/1990,22.5
10/04/1990,26
11/04/1990,22.2
12/04/1990,28.4
13/04/1990,25.2
14/04/1990,20.9
15/04/1990,17.6
16/04/1990,17.2
17/04/1990,17.2
18/04/1990,18.7
19/04/1990,18.6
20/04/1990,21.8
21/04/1990,16.7
22/04/1990,17.9
23/04/1990,20.8
24/04/1990,21.2
25/04/1990,17.5
26/04/1990,16.6
27/04/1990,17.5
28/04/1990,18.1
29/04/1990,18.5
30/04/1990,19.8
01/05/1990,23
02/05/1990,21.2
03/05/1990,21.2
04/05/1990,23.1
05/05/1990,20.2
06/05/1990,18.1
07/05/1990,16.2
08/05/1990,18.7
09/05/1990,21.2
10/05/1990,19.3
11/05/1990,21.8
12/05/1990,19.9
13/05/1990,13.6
14/05/1990,14.7
15/05/1990,18
16/05/1990,19.3
17/05/1990,17.7
18/05/1990,14.6
19/05/1990,14.5
20/05/1990,14.4
21/05/1990,15.4
22/05/1990,14.5
23/05/1990,16.2
24/05/1990,14.2
25/05/1990,13.2
26/05/1990,15.2
27/05/1990,17.4
28/05/1990,13.7
29/05/1990,16.8
30/05/1990,17.7
31/05/1990,16.2
01/06/1990,13.2
02/06/1990,16.3
03/06/1990,16.3
04/06/1990,14.6
05/06/1990,13.9
06/06/1990,16
07/06/1990,18.4
08/06/1990,19
09/06/1990,17.4
10/06/1990,16.2
11/06/1990,16.3
12/06/1990,16.8
13/06/1990,14.6
14/06/1990,14.2
15/06/1990,13.3
16/06/1990,14
17/06/1990,11.7
18/06/1990,12.9
19/06/1990,12.7
20/06/1990,14.6
21/06/1990,15.1
22/06/1990,16.1
23/06/1990,16.2
24/06/1990,13
25/06/1990,12.4
26/06/1990,12.6
27/06/1990,9.7
28/06/1990,11.8
29/06/1990,15.8
30/06/1990,13.6
01/07/1990,8.9
02/07/1990,12.2
03/07/1990,13.2
04/07/1990,15.2
05/07/1990,12.6
06/07/1990,12.9
07/07/1990,15.9
08/07/1990,15.4
09/07/1990,15
10/07/1990,14.2
11/07/1990,15.7
12/07/1990,14.4
13/07/1990,14.7
14/07/1990,14.5
15/07/1990,15.5
16/07/1990,19.2
17/07/1990,18.2
18/07/1990,13.9
19/07/1990,15
20/07/1990,15.8
21/07/1990,15.7
22/07/1990,15.6
23/07/1990,17.7
24/07/1990,18.8
25/07/1990,15.2
26/07/1990,14.5
27/07/1990,13.5
28/07/1990,13.4
29/07/1990,12.4
30/07/1990,15.5
31/07/1990,13.2
01/08/1990,14
02/08/1990,14.1
03/08/1990,15.1
04/08/1990,17.2
05/08/1990,15.1
06/08/1990,14.5
07/08/1990,13.6
08/08/1990,13.1
09/08/1990,13.1
10/08/1990,13.3
11/08/1990,14.8
12/08/1990,15
13/08/1990,16.4
14/08/1990,15.3
15/08/1990,13.8
16/08/1990,13.5
17/08/1990,12.7
18/08/1990,13.1
19/08/1990,15.8
20/08/1990,16
21/08/1990,14.4
22/08/1990,11.9
23/08/1990,13.2
24/08/1990,12
25/08/1990,11.6
26/08/1990,12.1
27/08/1990,17.3
28/08/1990,17
29/08/1990,14.7
30/08/1990,17.8
31/08/1990,13.7
01/09/1990,16.6
02/09/1990,14.5
03/09/1990,13.6
04/09/1990,15.8
05/09/1990,16.4
06/09/1990,16.8
07/09/1990,14.6
08/09/1990,15.7
09/09/1990,19.7
10/09/1990,20.7
11/09/1990,18.6
12/09/1990,13.7
13/09/1990,11.9
14/09/1990,14
15/09/1990,14.6
16/09/1990,13.4
17/09/1990,16.6
18/09/1990,21
19/09/1990,23.2
20/09/1990,23.9
21/09/1990,17.8
22/09/1990,16.2
23/09/1990,22.1
24/09/1990,24.3
25/09/1990,19
26/09/1990,16.5
27/09/1990,17.1
28/09/1990,17.3
29/09/1990,16.8
30/09/1990,21.7
01/10/1990,20.1
02/10/1990,15
03/10/1990,14.8
04/10/1990,19.8
05/10/1990,24
06/10/1990,14
07/10/1990,15.3
08/10/1990,14.8
09/10/1990,16.8
10/10/1990,20.8
11/10/1990,12.9
12/10/1990,14.3
13/10/1990,18.9
14/10/1990,22.6
15/10/1990,24.7
16/10/1990,19.6
17/10/1990,20.2
18/10/1990,23.9
19/10/1990,15.1
20/10/1990,17.1
21/10/1990,15.3
22/10/1990,16
23/10/1990,16.8
24/10/1990,19.8
25/10/1990,27.2
26/10/1990,29.1
27/10/1990,31.4
28/10/1990,33.2
29/10/1990,33.7
30/10/1990,19.6
31/10/1990,31.8
01/11/1990,22.4
02/11/1990,21.4
03/11/1990,22
04/11/1990,21.6
05/11/1990,30.7
06/11/1990,30.2
07/11/1990,32.6
08/11/1990,26.6
09/11/1990,22
10/11/1990,16.3
11/11/1990,17.2
12/11/1990,25.5
13/11/1990,32.1
14/11/1990,18.4
15/11/1990,21
16/11/1990,16.8
17/11/1990,15.6
18/11/1990,18.5
19/11/1990,21.5
20/11/1990,28.1
21/11/1990,31.4
22/11/1990,20.9
23/11/1990,18.7
24/11/1990,19.9
25/11/1990,21.9
26/11/1990,19.1
27/11/1990,28.5
28/11/1990,26.2
29/11/1990,20.1
30/11/1990,19.9
01/12/1990,22.2
02/12/1990,31.4
03/12/1990,24.1
04/12/1990,35.2
05/12/1990,36.9
06/12/1990,33.2
07/12/1990,35.7
08/12/1990,21.1
09/12/1990,21.6
10/12/1990,18.6
11/12/1990,18.8
12/12/1990,18.7
13/12/1990,21.6
14/12/1990,22.4
15/12/1990,20.9
16/12/1990,23.3
17/12/1990,34.4
18/12/1990,20.7
19/12/1990,24.2
20/12/1990,22.2
21/12/1990,23.5
22/12/1990,30.3
23/12/1990,19.8
24/12/1990,23.3
25/12/1990,29.3
26/12/1990,20.9
27/12/1990,37.6
28/12/1990,23.2
29/12/1990,25.1
30/12/1990,24.4
31/12/1990,24.6
